first_name;last_name;nickname;team;id
Aarae;Alexander;;Team Lloyd Irvin;8141
Aaron;Johnson;Tex;Unity JJ;9246
Abdurakhman;Bilarov;;Team Nogueira;8494
Abmar;Barbosa;;;390
Abraham;Marte Messina;;Yamasaki / Basico;3083
Adam;Benayoun;;Fifty/50 Martial Arts Academy;8814
Adam;Ferrara;;GF Team;8131
Adam;Kayoom;;BKK BJJ;1133
Adam;Wardzinski;Megatron;Checkmat;7478
Ademir;Barreto;;GF Team;13245
Admilson;Brites;Juquinha;Gracie Humaita;6339
Admilson;Gobi Junior;;;8968
Aniel;Bonifacio;;Rodrigo Carvalho JJ;9541
Adele;Fornarino;;Team Dominance;13498
Adriana;Martins;;Akxe;699
Adriano;Martins;;;1116
Adriano;Silva;;Barbosa JJ;909
AJ;Agazarm;;Gracie Barra;4328
Alan;Belcher;;;2189
Alan;do Nascimento;Finfou;Checkmat;289
Alan;Moraes;;Carlson Gracie;2583
Alan;Sanchez;;10th Planet;12235
Alberto;Carmona;Beto;Akxe;696
Alberto;Crane;;Gracie Barra;2611
Alef;Brito;;Ares JJ;9876
Alex;Martins;;AMBJJ;7660
Alex;Munis;;;11746
Alex;Nguyen;;Standard JJ;13084
Alessandra;Vieira;Leka;;1131
Alexander;Trans;;Checkmat;1757
Alessandro;Capodeferro;;Barbosa JJ;1567
Alehander;Mariano;;Atos;13533
Alexandre;Barauna;;GF Team;9166
Alexandre;Cavaliere;;Alliance;9312
Alexandre;de Souza;Pop;Gracie Floripa;449
Alexandre;Ceconi;;;474
Alexandre;de Freitas;Soca;Soca BJJ;727
Alexandre;Jesus;Robinho;Calasans JJ;9793
Alexandre;Molinaro;;Carlson Gracie;9407
Alexandre;Paiva;Gigi;Alliance;666
Alexandre;Pimentel;Pulga;Nova Geracao;311
Alexandre;Puga;;Alliance;1671
Alexandre;Ribeiro;Xande;Ribeiro JJ;84
Alexandre;Santos;;Cia Paulista;1517
Alexandre;Vieira;;BTT;8525
Alexandria;Enriquez;;Atos;12569
Alexsandro;Machado;Baiano;Checkmat;891
Alexis;Alduncin;;Renzo Gracie Mexico;9377
Alexsandro;Sodre;;Clube Feijão JJ;8884
Ali;Monfaradi;;;10004
Allan;Goes;;;826
Alvaro;Barreto;;;2052
Alvaro;Bobadilla;Cabecao;GF Team;1553
Amal;Amjahid;;C.E.N.S. Academy;9058
Amanda;Alequin / Santana;Tubby;Marcio Cruz JJ;7012
Amanda;Leve;;;12064
Amanda;Magda;;Frates JJ;13078
Amanda;Monteiro;;GF Team;8301
Amaury;Bitetti;;;486
Amin;Touati;;Royce Gracie BJJ;1391
Amy;Campo;;Zenith JJ;12639
Ana Carolina;Lima Silva;;;13832
Ana Carolina;Schmitt;;;8888
Ana Carolina;Vieira;;GF Team;6979
Ana Laura;Cordeiro;;Gracie Barra;2357
Ana Maria;Soares;India;;276
Anabel;Lopez;;FZN / Checkmat;13920
Anderson;Munis;;;11685
Anderson;Pereira;Deton;Brazilian Top Team;249
Andrea;Baggio;;Manimal;1101
Andre;Almeida;;Gracie Barra;9615
Andre;Almeida;Dedeco;American Top Team;1716
Andre;Galvao;;Atos;144
Andre;Gois;;Alliance;11646
Andre;Maracaba;;Maracaba BJJ;7747
Andre;Monteiro;;Nova Geracao;1640
Andre;Pederneiras;Dedé;Nova Uniao;78
Andre;Porfirio;;Fight Sports;11384
Andre;Quiles;;;1414
Andre;Terencio;Negao;Brazil 021;314
Andressa;Cintra;;Checkmat;8519
Andrew;Wiltse;;Pedigo Submission Fighting;11808
Andrew;Tackett;;Brazilian Fight Factory;13172
Andy;Murasaki;;Atos;11878
Andy;Varela;;10th Planet;12703
Angelica;Galvao;;Atos;8293
Angelo;Claiborne;;Team Lloyd Irvin;10638
Anna;Rodrigues;;Dream Art;10764
Anthony;Pacenski;Tony;BJJ Revolution;540
Anthony;Perosh;The Hippo;Machado JJ;1104
Anthony;Scales;AJ;Nova Uniao;957
Antonio Carlos;Junior;Cara de Sapato, Shoe Face;Checkmat;1236
Antonio;de Melo;;Brazil 021;1536
Antonio;Peinado;Batista;Alliance;911
Antonio Roberto;Crivelari;Juninho;Checkmat;9130
Antonio Rodrigo;Nogueira;Minotauro;;1865
Antonio;Schembri;Nino;;12
Antonio;Braga Neto;;Gordo JJ;387
Arley;Pacheco;;Gracie Barra;13364
Arlisson;Melo;Kiki;Nova Uniao;584
Arthur;Detanico;;JA BJJ;9931
Ariel;Tabak;;;13175
Ary;Farias;Aryzinho;Atos;260
Arya;Esfandmaz;;Pure JJ;11703
Armando;Wridt;Dedinho;Gracie JJ;381
Ashley;Williams;;Chris Rees JJ;9401
Augusto;Ferrari;;;1167
Augusto;Mendes;Tanquinho;Soul Fighters;188
Augusto;Monteiro;;Associação Monteiro;2606
Aurelie;Le Vern;;Gracie Humaita;13332
Austin;Baker;;Gracie Barra;12203
Austin;Oranday;;Oranday Bros;13849
Baret;Yoshida;;Undisputed;1023
Beatriz;Mesquita;;Gracie Humaita;1119
Ben;Baxter;;Gracie Humaita;1998
Bernardo;Faria;;Alliance;425
Bernardo;Pitel;;Nova Uniao;1433
Bianca;Andrade;;Gracie Barra;1158
Bibiano;Fernandes;;Gracie Barra;471
Bill;Cooper;The Grill;;898
Brandon;Walensky;;Clark Gracie Academy;9385
Brenda;Heller;;GD Jiu Jitsu;9048
Brenda;Larissa;;Escola Melqui Galvão;10862
Bianca;Basilio;;Almeida JJ;7535
Jay Dee;Penn;BJ, The Prodigy;;253
Brandon;Mullins;Wolverine;Gracie Barra;2358
Braulio;Estima;Carcara;Gracie Barra;422
Brian;Beauchamp;;Equipe Fabricio;8298
Brian;Beaury;;Brian Beaury BJJ;9640
Brian;Giorgio;;Alliance;11354
Brianna;Ste-Marie;;BTT;12599
Brigida;Carvalho Felipe;;Vision;13577
Bruno;Alves;;Gracie Barra;1659
Bruno;Amorim;Robinho;Gracie Barra;222
Bruno;Barbosa;;;7568
Bruno;Bastos;;Nova Uniao;637
Bruno;de Paula;;Alliance;684
Bruno;Ferreira;;Nova Geracao;1707
Bruno;Frazatto;;Atos;174
Bruno;Lima;;AMA BJJ;10176
Bruno;Malfacine;Bad Boy;Alliance;283
Bruno;Matias;;Checkmat;868
Jose Bruno;Matias;;Gracie Barra;12069
Bruno;Mendes;Tanque or Tank;Soul Fighters;3117
Caio;Almeida;;Almeida JJ;7672
Caio;Caetano;;;9217
Caio;Paganini;;Alliance;10964
Caio;Terra;;CTBJJA;582
Caio;Vinicius Santos;;Gracie Barra;13051
Carina;Santi;;G13;8624
Carley;Gracie;;;2160
Carlos;Elias;Caique;;2460
Carlos;Gracie Senior;;Gracie JJ;36
Carlos;Gracie Junior;Carlinhos;;297
Carlos;Henrique;;Brazil 021;1400
Carlos;Henrique Campos;CH7;Dream Art;13192
Carlos;Lemos Jr;Escorrega;Gracie Barra;1594
Carlos;Machado;;Machado JJ;745
Carlos;Melo;;CTA;9611
Carlos;Vieira;Portugues;Cia Paulista;396
Carlos;Vieira Holanda;Esquisito;Checkmat;963
Catriel;Oliveira;;GF Team;12346
Carlson;Gracie;;Carlson Gracie;22
Caroline;Lazzer;;Emirates Team;1000
Cassio;Cardoso;;Carlson Gracie;829
Cassio Felipe;Costa;Laranjinha;Six Blades;13379
Cassio;Werneck;;;1223
Catherine;Perret;;Checkmat;8562
Cleber;Luciano;;;10596
Cleber;Sousa;Clandestino;Almeida JJ;7657
Celso;Vinicius;Celsinho;Ryan Gracie;428
Cesar;Gracie;;Gracie Elite;929
Cezar;Guimarães;Casquinha;Top Brother;2512
Chad;Hardy;;Team Shawn Hammonds;9845
Charles;Negromonte;;Gracie Barra;7652
Charles;Oliveira;do Bronx;Macaco Gold Team;877
Charlotte;Von Baumgarten;;Mathias Ribeiro JJ;9545
Chayse;Diekema;;Frontline / Carlson Gracie;13655
Chloe;McNally;;Unity JJ;12708
Christian;Graugart;;;2402
Christian;Moriarty;Chris;Alliance;7808
Chris;Tran;Shortround;Team Lloyd Irvin;13747
Christian;Uflaker;Charopinho;Uflacker Academy;7821
Cicero;Costha;;PSLPB Cicero Costha;1155
Claire;North;;;12663
Clark;Gracie;;Tipping Point BJJ;1523
Claudia;Doval;;De La Riva JJ;7928
Claudio;Calasans;Juninho;Atos;410
Claudio;Franca;;;2100
Claudio;Joanino;;Nova Uniao;7749
Claudio;Silva;Mineiro, Banheira;;489
Claudio;Mattos;Caloquinha;Gracie Barra;443
Cleiton;Soares Junior;;Alliance;8870
Cosmo;Dias;;Nova Uniao;7976
Cole;Abate;;Art Of Jiu-Jitsu;12950
Cole;Franson;;Tinguinha JJ;9150
Cory;Walker;;Team Lloyd Irvin;12940
Craig;Kukuk;;;1933
Craig;Jones;;B Team;8346
Crezio;Chaves;;;3185
Crezio;de Souza;;Carlson Gracie;2062
Cristiano;Carioca;;;1108
Cristiano;Lazzarini;Titi;Gracie Barra;2956
Cristiano;Marcello;;CM System;159
Crolin;Gracie;;Gracie Gym;3384
Cynthia;Omatsu;Cindy;;5781
Daisuke;Shiraki;Sugie, Amazon;Carpe Diem;9152
Damion;Oranday;;Oranday Bros;12356
Daniel;Amorim Junior;;Double Five;11949
Daniel;Azevedo;;Cia Paulista;708
Daniel;Beleza;;SAS;1019
Daniel;Diniz;;Checkmat;12419
Daniel;Garcia Dias;;Nova Uniao;1281
Daniel;Gracie;;Renzo Gracie;11919
Daniel;Maira;;;11919
Daniel;Moraes;;Relson Gracie;453
Daniel;Sathler;;Atos;12918
Daniel;Otero;;Equipe Fabricio;994
Daniel;Valverde;;;1145
Danielle;Alvarez;;LEAD BJJ;7997
Danilo;Borovic;;;9325
Danilo;Cherman;;Nova Uniao;8036
Danilo;Moreira;;PSQGL;10953
Dante;Leon;;GF Team;8116
Dave;Camarillo;;;816
Davi;Cabral;;GF Team;12275
Davi;Ramos;;Top Brother;1386
David;Avellan;Dave;Freestyle Fighting Academy;7463
David;Juliano Lemes;;;1923
David;Garmo;;Assembly Jiu-Jitsu;9668
David;Jacobs;;David Jacobs JJ;9037
David;Raab Skaf;;;9700
David;Onuma;Malandro;;1650
David;Meyer;;;11262
David;Terrell;Soul Assassin;;4965
David;Terao;;50/Fifty;13360
Darragh;OConnaill;;Ribeiro JJ;7321
Dean;Lister;The Boogeyman;;1369
Delson;Heleno;Pe de Chumbo;;1820
Demian;Maia;;Brasa;112
Denilson;Pimenta;;GF Team;244
Dennis;Asche;;Gordo JJ;1550
Denny;Prokopos;;10th Planet;1498
Denys;Darzi;;Brazil 021;778
Deoclecio;Paulo;;;2439
Devhonte;Johnson;Bones;Unity JJ;9157
Diego;Bispo;;Ares JJ;9864
Diego;Dias Ramalho;Sem Nocao;ZR Team;7831
Diego;Oliveira;Pato;;10840
Diego;Sodre;;Clube Feijao / Nova Uniao;11963
Diego;Vivaldo;Gaviao;Guigo;8334
Dillon;Danis;;Alliance;5258
Diogo;Sampaio Araujo;Moreno;Soul Fighters;1003
Diogo;Reis;;Escola Melqui Galvão;11823
DeAlonzio;Jackson;DJ, Kimura Kid;Lloyd Irvin;2226
Deandre;Corbe;;Coastal BJJ;9934
Dominique;Bell;;Atos;9321
Dominika;Obelenyte;;Alliance;5229
Donald;Achnick;Donnie;Team Lloyd Irvin;8128
Dorian;Olivarez;;Team Olivarez;13729
Doug;Pelinkovic;;Renzo Gracie Academy;10000
Dustin;Denes;Clean;;1680
Eddie;Bravo;;10th Planet;4317
Edson;Diniz;;InFight;9941
Eduardo;Azevedo;;;10835
Eduardo;Avelar;;Soul Fighters;10835
Eduardo;Barboza;;GF Team;7405
Eduardo;Barros;;;199
Eduardo;Conceicao;Jamelão;;1152
Eduardo;Galvao;;Gracie Barra;9901
Eduardo;Goncalves;;ATT;3508
Eduardo;Granzotto;Dudu;Checkmat;13483
Eduardo;Leitao;;Cia Paulista;4874
Eduardo;Lopes;Duzao;Guigo JJ;9483
Eduardo;Monteiro;;Gracie Fortaleza;1520
Eduardo;Roque;;Gordo JJ / R1ng;12539
Eduardo;Santoro;Portugues;Cia Paulista;2324
Eduardo;Telles;;Nine Nine;562
Eduardo;Tinoco;;Almeida JJ;8602
Eduardo;Ramos;;;11357
Eduardo;Rios;Teta;Frontline;9587
Eduardo;Venancio;Brigadeiro;Brigadeiro Jiu Jitsu;3371
Edward;Cummings;Eddie, Wolverine;Renzo Gracie Academy;7442
Edwin;Najmi;;Gracie Barra;5238
Edwin;Junny;Ocasio;Unity;10380
Eldar;Rafigaev;;Jungle BJJ;10318
Elder;Cruz;El Monstro;Checkmat;12922
Eleftheria;Christodoulou;;ZR Team;13095
Elena;Carauni;;;13419
Eloisa;Souto;Elo;Kimura/Nova União;7606
Elijah;Dorsey;;Team Lloyd Irvin;12897
Elina;Moestam;;Checkmat;11182
Eliot;Marshall;;Easton Training Centre;7639
Elisabeth;Clay;;Ares JJ;11762
Elvira;Karppinen;;10th Planet;10290
Emilio;Hernandez;;Zenith BJJ;11093
Emilly;Alves Vasconcelos;;Atos;11669
Emilly;Fernandez;;LEAD;13170
Enderson;Dias;;;12680
Endres;Barbosa Mendes;;Checkmat;9465
Eric;Phan;;;10623
Erich;Munis;;;11693
Ericka;Almeida;;Gracie Barra;9868
Erik;Wanderley;;Gracie Barra;1229
Erin;Harpe;;Gracie Jiu-Jitsu;12293
Erin;Herle;;Alliance;8605
Espen;Mathiesen;;Kimura Nova Uniao;8215
Estevan;Martinez;;ZR Team;12120
Ethan;Crelinsten;;B Team;11223
Everton;Santana;;;1367
Fabiana;Borges;;Gracie Barra;970
Fabiano;Silva;;American Top Team;1713
Fabbio;Passos;;Alliance;9725
Fabio;Alano;Kamikaze;Alliance;10252
Fabio;Andrade;;GF Team;1665
Fabio;Andrade;;Nova Uniao;3402
Fabio;Caloi;;Alliance;4115
Fabio;Clemente;;Alliance;2266
Fabio;Gurgel;General;Alliance;322
Fabio;Leopoldo;;Gracie Morumbi;658
Fabio;Prado;Pateta;FP JJ;1303
Fabio;Santos;;;2068
Fabricio;Andrey;;Escola Melqui Galvão;11497
Fabricio;Barbarotti;;PSLPB;12629
Fabricio;Camoes;Morango;Gracie Humaita;7878
Fabricio;Martins;;Equipe Fabricio;1886
Fabricio;Medici;;Kioto;9370
Fabricio;Moreira;;Qatar JJ;9127
Fabyury;Khrysthyan;;GF Team;13785
Fabricio;Werdum;Vai Cavalo;Winner-Behring;573
Faustino;Neto;Pina;Clube Pina de Jiu Jitsu;7675
Ffion;Davies;;ECJJ;9404
Federico;Tisi;;;2056
Felipe;Bezerra;;Checkmat;7537
Felipe;Cavalcante;;;1268
Felipe;Cesar;Felipinho;Barbosa JJ;4542
Felipe;Costa;;Brasa;465
Felipe;Pena;Preguiça;Gracie Barra;2416
Felipe;Linhares;Felipinho;Alliance;9309
Felipe;Neto;Zicro;Alliance;5067
Felipe;Mota;Gargamel;Roger Gracie Academy;6209
Felipe;Silva;Bocao;Infight;6029
Fellipe;Andrew;;;8514
Fellipe;Trovo;;Gracie Barra / Ushirobira JJ;8686
Frank;Cespedes;;Alliance;12848
Frank;Rosenthal;;Renzo Gracie Academy;9760
Fernando Augusto;Silva;Terere;Alliance;437
Fernando;Di Piero;Soluço;Alliance;1403
Fernando;Marques;Boi;Carlson Gracie;690
Fernando;Guimaraes;Pinduka;Nova Uniao;1855
Fernando;Monteiro;;Brazil 021;690
Fernando;Paradeda;;;1411
Fernando;Pontes;Margarida;;1916
Fernando;Vieira;;;86
Fernando;Aleluia;;Brazil 021;2304
Fernanda;Cristo;;Evox;12719
Firas;Zahabi;;TriStar Gym;9859
Flavio;Almeida;Cachorrinho;Gracie Barra;1044
Flavio;Behring;;;1495
Flavio;Junqueira;;Alliance;11456
Flavio;Vianna;;;11039
Florian;Bayili;;;13842
Francisco;Cuneo;;;12372
Francisco;Albuquerque;Toco;Nova Geracao;714
Francisco;Lo;;PSLPB Cicero Costha;13076
Francisco;Fernandes;Chiquinho de Cuiaba;Gracie Barra;714
Francisco;Mansur;;Kioto;2040
Francisco;Mendes;Chico;Checkmat;1081
Francisco;Sa;;SAS;2091
Fredson;Paixao;;;819
Gabriel;Almeida;Tod;Checkmat;9250
Gabriel;Arges;Frodo;Gracie Barra;6071
Gabriel;Brod;;;13670
Gabriel;Costa;Maranhao;Guigo JJ;11766
Gabriel;Figueiro;;;10232
Gabriel;Gaudio;;GF Team;12487
Gabriel;Gonzaga;Napao;;10430
Gabriel;Goulart;;Alliance;1017
Gabriel;Henrique Oliveira;;Alliance;10817
Gabriel;Lucas;Fedor;Checkmat;8560
Gabriel;Kitober;;;9746
Gabriel;Marangoni;;Academia Marangoni;7698
Gabriel;Marinho;;GF Team;11917
Gabriel;Moraes;;;2401
Gabriel;de Oliveira Haddad;Biel;;13021
Gabriel;Rollo;Palito;Checkmat;5061
Gabriel;Vella;;;607
Gabriel;Rainho;Biel;GF Team;1563
Gabriel;Ribeiro;;Brazil 021;1586
Gabriel;Sousa;;ZR Team;9051
Gabriel;Volante;;XCoach;13392
Gabriel;Willcox;;;10091
Gabrieli;Pessanha;;InFight;10153
Gabrieli;Procopio;;BTT;11257
Gabriela;Pereira;;Vision;12753
Gabriela;Fechter;;Checkmat;9241
Gabrielle;Garcia;Gabi;Alliance;595
Gabrielle;McComb;Gabi;Gracie Humaita;8991
Garth;Taylor;;;1696
Gary;Tonon;;Renzo Gracie Academy;5649
Gastao;Gracie;;Gracie JJ;1408
Geny;Rebelo;;Academia Serrana;8583
Gerard;Labinski;;;8532
George;Gracie;Gato Ruivo;Gracie JJ;528
Geraldo;Flores;;;3380
Gerardi;Rinaldi;Jerry;Renzo Gracie;1329
Gezary;Matuda;;American Top Team;3479
Giancarlo;Bodoni;;Alliance;11797
Gianni;Grippo;;Alliance;4248
Gilbert;Burns;Durinho;Atos;446
Gilson;Nunes;Nenem;Checkmat;7872
Giovanna;Jara;;;13016
Giulia;Gregorut;;;13167
Gordon;Ryan;;New Wave;6550
Grace;Gundrum;;10th Planet;11783
Greg;Souders;;Standard JJ;13493
Gregor;Gracie;;Renzo Gracie;1322
Guilherme;Bacha;;Checkmat;12563
Guilherme;Cascon;;Brazil 021;1733
Guilherme;Cordiviola;;GF Team;9361
Guilherme;Fernandes;;Dream Art;13575
Guilherme;Mendes;;AOJ;415
Guilherme;Rocha;;ZR Team;9635
Gunnar;Nelson;;;1388
Gutemberg;Pereira;;GF Team;8195
Guthierry;Barbosa;;PRM Team / Carlson Gracie Academy;10199
Gustavo;Campos;Guto;Atos;108
Gustavo;Dantas;;Nova Uniao;620
Gustavo;Maron;;Dream Art;11543
Gustavo;Machado;;;10932
Gustavo;Batista;Braguinha;Atos;8357
Gustavo;Dias Elias;;Gracie Humaita;4177
Gustavo;Pires;Siri;Gracie Barra;5726
Guybson;Sa;;SAS Team;9338
Gyalisson;Freitas;Hiago;GF Team;12338
Heath;Pedigo;;Pedigo Submission Fighting;11359
Heather;Raftery;;Atos;10926
Hanette;Staack;;Brazil 021;258
Harryson;Pereira;;Ataque Duplo;11215
Helder;Junior;Tropeco;Fratres;13496
Helder;Medeiros;SpongeBob;;11228
Helio;Gracie;;Gracie JJ;44
Helio;Moreira;Soneca;;655
Helio;Vigio;;Gracie Humaita;3129
Helton;Jose Junior;;PSLPB Cícero Costha;7704
Helvecio;Penna;;De La Riva;671
Henrique;Cardoso;;Ceconi JJ;9554
Henrique;Machado;;ASLE;371
Hiago;Gama;;Alliance;8038
Higor;Lima;;Kahwage Fight Team;12241
Hillary;Williams;Gringa;WSMMA;184
Hiryu;Niwa;;AOJ;13326
Horlando;Monteiro;;Kimura/Nova União;7399
Huanderson;Pavao;;GF Team;973
Hugo;Marques;;Soul Fighters;8138
Humberto;Silveira;;Shiozawa;1174
Hunter;Ewald;;;7332
Hygor;Brito;;PSLPB;9117
Ian;Behring;;;3279
Ian;Mcpherson;;Alliance;1750
Ian;Sanders;;RFBJJ;9488
Ida;Hansson;;Checkmat;1655
Iasmin;Casser;;AOJ;12554
Igor;Feliz;;Future School Of Jiu-Jitsu;12225
Igor;Rodrigues;Baixinho;Checkmat;2013
Igor;Silva;;GF Team;680
Igor;Paiva;;Soul Fighters;8477
Igor;Schneider;Tigrao;New School Brotherhood;6631
Igor;Tanabe;;Igloo BJJ;11145
Igor;Verissimo;;;8647
Inacio;Neto;;Gracie Barra;7743
Inacio;Santos;;;13853
Ingridd;Alves;;;11929
Israel;Sousa;;GF Team;10408
Italo;Lins;;GF Team;1542
Italo;Lima Costa;;Ares;13660
Italo;Moura;;Unity - PSLPB;10295
Itallo;Vilardo;;;6379
Isaque;Bahiense;;Dream Art;7552
Iseong;Jang;;Wire JJ;9606
Ismael;Santos;;GF Team;12633
Ivan;Gomes;;;2335
Ivaniel;Oliveira;;Atos;1874
Jackson;Douglas;;Checkmat;11939
Jackson;Sousa;Jack;Checkmat;3200
Jackson;Nagai;;Checkmat;11208
Jacob;Couch;;;13162
Jaqueline;Amorim;;Checkmat;8168
Jair;Lourenco;;Nova Uniao - Kimura;1813
Jake;Ferrara;;GF Team;8756
Jake;Mackenzie;;;1014
Jake;Watson;;Maracaba BJJ;10240
Jakub;Zajkowski;;;10986
James;Brasco;;BJJ Center;1526
James;Harbison;Jah;Lloyd Irvin;1768
James;Puopolo;;Gracie Humaita;1827
Janni;Larsson;;Checkmat;4107
Janaina;Lebre;;Gracie Humaita;13064
Jansen;Gomes;Nenego;Checkmat;12506
Jasmine;Rocha;;Vagner Rocha MA;13132
Jason;Rau;;Team Serra;10759
Javier;Vazquez;Showtime;;4706
Javier;Barter;;F Moya JJ;13624
Javier;Zaruski;;Atos;13680
Jacob;Rodriguez;Jay;B Team;13926
Jeferson;Guaresi;;Unity JJ;10506
Jefferson;Moura;;Gracie Barra;1214
Jake;Shields;;Gracie Elite;1031
Jean Jacques;Machado;;Machado JJ;88
Jean;Kleber;;Kimura;235
Jeff;Glover;Pipelayer;Paragon;610
Jeff;Joslin;;;364
Jena;Bishop;;Gracie Humaita;8223
Jeremy;Arel;Gerbil;;1423
Jeremy;Jackson;;CTA;9440
Jeremy;Skinner;;Absolute MMA;12259
Jessa;Khan;;AOJ;11690
Jesse;Urholin;;Alliance;7608
Jessica;Caroline;;PAX JJ;11314
Jessica Cristina;Santos;;Elite BJJ;9202
Jessica;Flowers;Oliveira;Gracie Barra;7817
Jessica;Swanson;;Soul Fighters;9096
Jhenifer;Aquino;;Atos;12551
Joao;Assis;;Checkmat;644
Joao;Cizeski;;FP Team;11960
Joao;Costa;;Fight Sports;12178
Joao;Faria;Johnny;Gracie Humaita;1500
Joao;Mendes;Bisnaga;Atos;9074
Joao;Miyao;;PSLPB;2997
Joao Gabriel;Rocha;;Double Five;2403
Joao Paulo;Neto;;Alliance;8351
Joao;Roque;;Nova Uniao;952
Joao;Zeferino;;Gracie Floripa;521
Joao Alberto;Barreto;;;1719
Joao Paulo;Oliveira;Jones;Strauch Jiu Jitsu;3366
Joe;Baize;;Ocean County BJJ;11114
Joe;Moreira;;;566
Joel;Gingery;;Memphis Judo + BJJ;8369
Joel;Tudor;;;11894
Jorge;Britto;;Jiu-Jitsu For Life Team;8938
Jorge;Patino;Macaco;Macaco Gold Team;720
John;Danaher;;New Wave;623
John;Combs;;Easton Training Centre;6836
John;Crouch;;MMA Lab;3286
John;Kavanagh;;SBG;11195
John;Frankl;;Straight Blast Gym;1569
John;Lewis;;Nova Uniao;3220
John;Salter;;Salty Dog JJ;10531
John;Will;;;705
Johnif;Rocha;;Cicero Costha;12095
Johnny;Tama;;Studio 76;7664
Jon;Blank;;10th Planet;10588
Jonata;Gomes;Be;Checkmat;11248
Jonatha;Alves;;Atos;10085
Jonathan;Calestine;Jon;Renzo Gracie Academy;8767
Jonathan;Thomas;;Valhalla BJJ;9367
Jonatas;Gurgel;Tagarela;American Top Team;975
Jonas;Andrade;;PSLPB;10293
Jonatas;Novaes;;Channel Islands JJ;11084
Jonnatas;Gracie;;Atos;10103
Jordan;Vaisman;;Art Of Jiu-Jitsu;12247
Jose;Aldo;Juninho;Nova Uniao;754
Jose;Carlos Granja;;Kimura / Nova Uniao;7693
Jose;Carlos Sousa;;GF Team;7931
Jose;Leao Teixeira;Ze Beleza;Escola de Jiu Jitsu;2241
Jose;Junior;;;1548
Jose;Marcello;Ze;Icon JJ;12401
Jose Mario;Queiroga;Esfiha;;3357
Jose Mario;Sperry;Ze, Zen Machine, Ze Maquina;Brazilian Top Team;232
Jose;Olimpio;Ze Radiola;Gracie Barra;1633
Josef;Manuel;Ze Cobra;Nova Uniao;650
Jozef;Chen;;B Team;13763
Joseph;Dierkhising;Joe;;12378
Josh;Griffiths;;Clockwork JJ;2095
Josh;Hinger;;Atos;7096
Joshua;Cisneros;;Cleber JJ / Elite Team;11568
Juan Caio;Kamezawa;;Alliance;3313
Juan Miguel;Iturralde;;Alliance;8555
Juan;Lopes da Silva;;Prime Team;7757
Julian;Espinosa;;Renzo Gracie Academy;13775
Julio;dos Anjos Junior;;;7006
Julio;Cesar;;GF Team;203
Julio;Fernandez;Foca;BJJ Revolution;4507
Julius;Park;;Crazy 88;4411
Julia;Alves;;GF Team;12785
Julia;Boscher;;;10370
Juliana;Borges;;;11401
Jurandir;Conceicao;;G13;9711
Jurandir;Moura;;;1377
Justin;Ordinario;;;13801
Justin;Rader;;;1398
JW;Wright;;Gracie Humaita;9114
Jurandir;Moura;;;1377
Jonathan;Torres;JT;Atos;967
Kacie;Tan;;Fortitude BJJ;13028
Kaua;Gabriel;;Escola Melqui Galvao;13834
Kauan;Barboza;;Checkmat;11465
Keenan;Cornelius;;Atos;3009
Keith;Krikorian;;10th Planet;12491
Keith;McKenzie;;Checkmat;1068
Gerry;Costa;Kid Pelligro;;2504
Kade;Ruotolo;;Atos;12005
Kaiser;Girao;;Checkmat;11725
Karel;Pravec;Silver Fox;Renzo Gracie Academy;8173
Kauane;Silva;;Fight Sports;13473
Kaynan;Duarte;;Atos;8974
Kendall;Reusing;;Gracie Barra;10885
Kennedy;Maciel;Cobrinha Junior;Alliance;9031
Kenta;Iwamoto;;;13678
Keven;Carrasco;;Ares;11889
Kevin;Gabriel Alencar;;Dream Art;13507
Kevin;Mahecha;;ATT;6368
Khaled;Alshehi;;;13515
Kieran;Kichuk;;Team Lloyd Irvin;12115
Kit;Dale;;;9758
Kira;Sung;;Seorae JJ;12010
Kjetil;Lydvo;;Frontline;13241
Kody;Steele;;Checkmat;11049
Koji;Shibamoto;;Tri Force;1919
Kyra;Gracie;;;674
Kristen;Martin;;Brazil 021;8981
Kristin;Mikkelson;;Brazil 021;8893
Kron;Gracie;;;788
Kristof;Szucs;;Gracie Barra;12842
Kayron;Gracie;;Gracie Barra;901
Kurt;Osiander;;Ralph Gracie;2475
Kyle;Boehm;;10th Planet;10705
Kleber;Oliveira;Buiu;Gracie Barra;8399
Lachlan;Giles;;Absolute MMA;8682
Larissa;Campos;;Gracie Humaita;9477
Larissa;Dias;;;12508
Larissa;Paes;;Gordo JJ;9938
Laercio;Fernandes;;Team Oyama;1041
Laura;Barker;;Gracie Barra;11071
Laurence;Cousin Fouillat;;;1840
Leandro;Escobar;Tatu;;3028
Leandro;Lima;Rounaud;Fratres;13458
Leandro;Lo;;NS Brotherhood;1188
Leandro;Lora;;Brazil 021;1730
Leandro;Martins;Leu;Checkmat;1799
Leandro;Nyza;;Nova Uniao;1662
Leon;Brito;;BTT;12243
Leon;Larman;;CTA;11132
Levi;Jones-Leary;Xanadu, Levizao;Unity JJ;9014
Livia;Gluchowska;;Maromba;7981
Livio;Ribeiro;Galinho;Ares JJ;9044
Luca;Anacoreta;;Aeterna Jiu Jitsu;7082
Laurah;Hallock;;GF Team;10780
Leonardo;Arruda;;Guigo JJ;1624
Leonardo;Castello Branco;;Brasa;935
Leonardo;Davila;;Atos;3443
Leonardo;Lara;;Almeida JJ / Atos;9067
Leonardo;Leite;;Alliance;886
Leonardo;Nogueira;;Alliance;1272
Leonardo;Mario;;PSLPB Cicero Costha;13062
Leonardo;Pecanha;;;10339
Leonardo;Saggioro;Cascao;BTT;8231
Leonardo;Santos;;Nova Uniao;292
Leonardo;Silva;;GF Team;10352
Leonardo;Vieira;Leozinho;Checkmat;419
Leticia;Ribeiro;;Gracie Humaita;903
Lloyd;Irvin;;Lloyd Irvin;1307
Luana;Alzuguir;;Alliance;512
Luan;Andrei;;R1ng;12323
Luan;Azevedo;;PSLPB;10741
Luan;Carvalho;;Nova Uniao;5078
Louie;Cercedez;;Ronin BJJ;1419
Lucas;Alves;;Alliance;10669
Lucas;Gualberto;Simba;Dream Art;11658
Lucas;Lepri;;Alliance;358
Luccas;Lira;;;13432
Lucas;Leite;;Checkmat;875
Lucas;Lisboa;;Fight Sports;13031
Lucas;Rocha;;ZR Team;5660
Lucas;Daniel Barbosa;Hulk;Atos;5655
Lucas;Pinheiro;Bad Boy;Checkmat;6043
Lucas;Protasio;;Checkmat;12348
Lucas;Rodrigues;;;13093
Lucas;Norat;;Gracie Barra;12267
Lucas;Valente;;Gracie Barra;8516
Lucas;Sachs;;;11812
Lucas;Souza;Foguinho;Atos;13269
Lucas;Silva;Lukete;Cassao Team / Gracie Barra;11512
Luciano;Nucci;Casquinha;Alliance;11701
Lucio;Rodrigues;Lagarto;Gracie Barra;1263
Luis Carlos;Dias;Manimal;Manimal;809
Luis;Heredia;Limao;Maui Jiu Jitsu;3245
Luis;Lima;Guga;;1395
Luis Roberto;Duarte;Bebeo;Brazilian Top Team;1675
Luis;Marques;;;10403
Luis;Oliveira;Cantareira;Frates JJ;13053
Luis;Roman;;;1722
Luiz;Dias;;GAS;2560
Luiz;Franca;;;2443
Luiz;Guilherme;Guigo;Guigo JJ;693
Luiz;Abdo;Tom;;1426
Luiz;Ribeiro;Manxinha;Checkmat;2404
Luiz;Panza;;Barbosa JJ;3122
Luiz;Paulo;;;11872
Luiza;Monteiro;;Atos;5263
Luzia;Fernandes;;Gracie Barra;2627
Luke;Griffith;;New Wave;13733
Luke;Harris;;Hayabusa TC;13902
Mackenzie;Dern;;Gracie Humaita;2444
Maggie;Grindatti;;Fight Sports;10895
Malachi;Edmond;;Team Lloyd Irvin;10155
Manuel;Pontes;Nelton;Gracie Barra;7543
Mateus;Rodrigues;;AOJ;12544
Mateusz;Szczecinski;;;13916
Matheus;Costa;;GF Team;8112
Matheus;Diniz;Gorilla;Alliance;5423
Matheus;Felipe;Ta Danado;Checkmat;9230
Matheus;Gabriel Barros;;Checkmat;9002
Matheus;Godoy;;Alliance;10698
Matheus;Gonzaga;;;8800
Matheus;Spirandeli;;;7047
Matheus;Lima;;White House JJS;13111
Matheus;Luna;;Checkmat;10658
Matheus;Lutes;;Alliance;10909
Matheus;Menezes;Teteu;Atos;13438
Matias;Estevez;;;12689
Matthew;Leighton;;Bonsai;8729
Marc;Laimon;;Cobra Kai;2322
Marcel;Louzado;;;1382
Marcelino;Freitas;Telino;Nova Uniao;570
Marcelo;Azevedo;Uirapuru;Gracie Barra;2985
Marcelo;Behring;;;739
Marcelo;Cohen;;The Armoury;8361
Marcelo;Fausto;;Checkmat;8361
Marcelo;Garcia;Marcelinho;Alliance;16
Marcelo;Gomide;;Gracie Barra;10644
Marcelo;Nunes;;Zenith JJ;10405
Marcelo;Machado;;Gracie Humaita;1090
Marcelo;Mafra;Lapela;Checkmat;9706
Marcelo;Martins;Capo;Checkmat;8337
Marcelo;Ribeiro;;Gracie Barra;1253
Marcelo;Pereira;;;13628
Marcelo;Salazar;;;205
Marcelo;Saporito;;Carlson Gracie;943
Marcio Andre;Barbosa Junior;;Nova Uniao;4163
Marcio;Cruz;Pé de Pano;;9
Marcio;Corleta;;Winner BJJ;3099
Marcio;dos Santos;;Carlson Gracie;4135
Marcio;Feitosa;;Gracie Barra;687
Marcio;Stambowsky;Macarrao;;3090
Marco;Barbosa;Barba, Barbosinha;Barbosa;492
Marco;Canha;Xassi;Checkmat;405
Marco;Vilella;Gigante;;1218
Marcos;Barreto;;;1161
Marcos;da Matta;Parrumpinha;American Top Team;1182
Marcos;Escobar;;;1124
Marcos;Cerqueira;;;617
Marcos;de Souza;;Bonsai;1848
Marcos;Galvao;Loro;Nova Uniao;2385
Marcos;Martins;Petcho;B9;9573
Marco;Mendes;;Dream Art;13487
Marcos;Santana;Ratinho;;6577
Marcos;Oliveira;Santa Cruz;ADTT;5702
Marcos;Silva Tinoco;Lekinho;Alliance;4789
Marcos Paulo;Costa;;DDR;8290
Marcos;Torregrosa;Yamaso;;2290
Marcus;Almeida;Buchecha;Checkmat;984
Marcus;Beddor;;M-Theory;12303
Marcus;Bello;;GF Team;1619
Marcus;Norat;;;1785
Marcus;Phelan;;ECBJJA;11187
Marcus Vinicius;Ribeiro;Scooby;Alliance;10130
Mariana;Rolszt;;;12744
Margot;Ciccarelli;;Unity JJ;12233
Maria;Eduarda Tozoni;Duda;The Match Champ;12201
Maria;Luiza;;Almeida JJ;13505
Maria;Malyjasiak;;;8759
Maria;Ruffatto;;BTT;13809
Maria Carolina;Vicentini;;Dream Art;13586
Marina;Ribeiro;;Checkmat;1810
Mario Claudio;Tallarico;;;3546
Mario;Reis;;Alliance;790
Mario;Yokoyama;;Ryan Gracie;1226
Mariusz;Linke;;Macaco Gold Team;2111
Mark;Ramos;;;1774
Marlon;Sandro;;Nova Uniao;367
Masahiro;Iwasaki;;Carpe Diem;7645
Mason;Fowler;;CTA;11789
Mathias;Luna;;Checkmat;10509
Matt;Thornton;;SBG;11874
Matt;Serra;;Renzo Gracie;1858
Mauricio;Antunes;;Checkmat;10094
Mauricio;Gomes;;;1185
Mauricio;Mariano;Tinguinha;;931
Mauricio;Oliveira Neto;;GF Team;8996
Mauro;Chueng;;Rio Grappling Club;960
Mauro;Pacifico;;Equipe Bushido;9106
Mayara;Custodio;;Checkmat;11926
Mayko;Araujo;;Checkmat;8218
Mayssa;Bastos;;GF Team;9271
Max;Lindblad;;Checkmat;8308
Maximiliano;Carvalho;;ZR Team;8714
Maximilian;Hanson;;Adamas;13804
Maximiliano;Trombini;;Cia Paulista;872
Maxine;Thylin;;;11620
Melqui;Galvao;;Escola Melqui Galvão;10088
Melissa;Cueto;;;10451
Meyram;Maquine;;Guigo JJ;11423
Micael;Galvao;;Escola Melqui Galvão;12122
Michael;Langhi;;Alliance;122
Michael;Perez;Mike;Atos;8427
Michael;Trasso;;Gracie Humaita;9253
Michael;Zenga;;;12455
Michel;Langhi;;Alliance;1747
Michelle;Nicolini;;Checkmat;823
Mike;Fowler;;;1583
Milton;Bastos;;Ares JJ;7917
Milton;Regis;;Kioto;2231
Mitsuyoshi;Hayakawa;;Tri Force;1882
Moacir;Mendes Junior;;Alliance;8444
Moises;Murad;;Lotus;1005
Monica Vanessa;Silva;;2 Brothers;2206
Monique;Ricardo;;Checkmat;7903
Monir;Salomao;;;3416
Morgan;Black;;Tabula Rasa JJ;13594
Murilo;Amaral;;Alliance;9486
Murilo;Bustamante;;Brazilian Top Team;627
Murilo;Santana;;Unity;484
Muzio;de Angelis;;Brasa;702
Nabil;Aziz;;Nabil JJ;11245
Natasha;Quiza;;Fight Sports;11986
Nathalie;Ribeiro;;Checkmat;9227
Natan;Chueng;;;10216
Nathan;Caroll;;Valor Martial Arts;13475
Nathan;Mendelsohn;;;8081
Nathannael;Fernandes;;Escola Melqui Galvão;12729
Nahum;Rabay;;;2602
Nelson;Monteiro;;;2247
Nicholas;Calvanese;Nick;TAC Team / BJJ United;7914
Nicholas;Meregali;;New Wave;7507
Nicholas;Maglicic;Nico;Atos;13463
Nicolas;Gregoriades;;JJ Brotherhood;2297
Nicole;Sullivan;Nikki;Atos;9823
Nick;Rodriguez;Nicky Rod;B Team;12110
Nick;Salles;;Movement Art;12102
Nick;Schrock;;Gracie Humaita;7922
Nicky;Ryan;;Renzo Gracie Academy;11735
Nikki;Lloyd-Griffiths;;Immersion MMA;13560
Nisar;Loynab;;Atos;10468
Nivaldo;Oliveira;Nil;Checkmat;1604
Nivia;Moura;Nina;Gracie Gym;8585
Nobuhiro;Sawada;;Tri-Force;9502
Nolan;Stuart;;Brea JJ;13737
Nuno;Martins;;;10172
Nyjah;Rollins;;Team Lloyd Irvin;8278
Octavio;Couto;Ratinho;Brasa;579
Odsuren;Bold-Erdene;;;11340
Octavio;de Almeida;;;2216
Olavo;Abreu;;PTT;11615
Oliver;Geddes;Oli;Roger Gracie;256
Oliver;Taza;;New Wave;11707
Omar;Salum;;;831
Otavio;Almeida;Peixotinho;Carlson Gracie;1071
Otavio;Sousa;;Gracie Barra;2107
Orlando;Sanchez;;Gracie Barra;2452
Osamah;Almarwai;;Atos;12615
Osvaldo;Alves;;;524
Oswaldo;Fadda;;;527
Oswaldo;Gracie;;Gracie JJ;1405
Oswaldo;da Rosa;Paquetá;Carlson Gracie;532
Patricia;Lage;;Barbosa;1259
Patrick;Bittan;;;8658
Pablo;Lavaselli;;;11015
Pablo;Mantovani;;Atos;8069
Pablo;Popovitch;;;919
Pablo;Silva;;Gracie Barra;938
Pamela;Boveda Aguirre;;Nova Uniao;9717
Paul;Barch;PJ;10th Planet;9646
Paul;Schreiner;;Alliance;9344
Paulo;Filho;;;1870
Paulo;Gazze Junior;;Cia Paulista;1743
Paulo;Mauricio Strauch;;Strauch Jiu Jitsu;3016
Paulo;Gabriel Martins;;Gracie Humaita;10220
Paulo;Miyao;;PSLPB;2999
Pedro;Alex;Bombom;GF Team;11862
Pedro;Agrizzi;;Striker JJ;12277
Pedro;Crixel;;PSLPB;10263
Pedro;Dias;;CTA;8305
Pedro;Elias;Chupeta;;9741
Pedro;Hemeterio;Homem Quiabo;Gracie JJ;1980
Pedro;Lucas;;;13339
Pedro;Machado;;Gordo JJ / R1ng;12537
Pedro;Maia;;;12287
Pedro;Marinho;;Gracie Barra;11991
Pedro;Mello;;Atos;7760
Pedro;Pacheco Fernandes;;Tu Kaha JJ;1087
Pedro;Ramalho;Paquito;Focus JJ;8448
Pedro;Rocha;;Double Five;11027
Pedro;Sauer;;;1034
Pedro;Serrano;;Gracie Barra;10928
Pedro;Silva;Bolo;Dream Art;13422
Pedro;Veras;;PSLPB;11044
Penny;Thomas;;Gracie Humaita;1050
Peter;Letsos;;;1316
Perttu;Tepponen;;Hilti BJJ;9959
Philippe;Balmant;Philzinho;Alliance;7847
Philippe;Pomaski;;;10399
Radoslaw;Turek;Radek;Berserkers Warsaw BJJ;8241
Rafael;Barbosa;Formiga;Double Five;921
Rafael;Barros;Fofitio;;4747
Rafael;Correa;Gordinho;Gordo JJ;2453
Rafael;Freitas;Barata;Gracie Barra;1753
Rafael;Heck;;Checkmat;1577
Rafael;Mansur;;;6599
Rafael;Mendes;;AOJ;179
Rafael;Dallinha;;BJJ Revolution;194
Rafael;dos Anjos;;;460
Rafael;dos Anjos Torres;;Alliance;12048
Rafael;Lovato Jr;;Lovato Jr. / Ribeiro JJ;576
Rafael;Paganini;;Alliance;10174
Rafael;Vasconcelos de Lima;;Atos;8634
Rafaela;Guedes;;Atos;11656
Ralph;Gracie;;;1781
Raquel;Paaluhi Canuto;;Zenith JJ;8407
Ramon;Lemos;;Atos;640
Rany;Yahya;;Athaide JJ;177
Raphael;Abi-Rihan;;;813
Renato;Forasieppi Canuto;;Zenith JJ;7539
Renato;Migliaccio;;;548
Raphael;Chaves;Catatau;;991
Raoni;Barcelos;;Laerte Barcelos;1545
Raul;Gomes;;Gracie Humaita;8213
Raul;Basilio;;Almeida JJ;11534
Rawana;Silva;;Dream Art;13875
Rayron;Gracie;;RGA;13480
Reginaldo;Gurgel Almeida;;SAS;1627
Reinaldo;Ribeiro;;;1149
Relson;Gracie;Campeao;;1957
Renan;Pegado;Barao;Nova Uniao;1778
Renan;Cruz;;R1NG;12641
Renata;Marinho;;Alliance;8779
Renato;Barreto;;Gracie Humaita;1372
Renato;Cardoso;Coco;Checkmat;2235
Renato;Migliaccio;;;548
Renato;Tavares;;;588
Renzo;Gracie;;Renzo Gracie;52
Reyson;Gracie;;;2003
Ricardo;Abreu;Demente;Nova Uniao;331
Ricardo;Almeida;Cachorrao;Renzo Gracie;278
Ricardo;Arona;;Brazilian Top Team;93
Ricardo;Cavalcanti;;;1325
Ricardo;De La Riva;;de la Riva;361
Ricardo;Diogo;Rey;Carlson Gracie;2340
Ricardo;Evangelista;Jegue;GF Team;1534
Ricardo;Feliciano;Pantcho;Checkmat;8202
Ricardo;Liborio;;American Top Team;591
Ricardo;Marques;;Brazilian Top Team;8409
Ricardo;Miller;Franjinha;Paragon;630
Ricardo;Soranco;;BTT;13840
Ricardo;Vieira;Rico, Ricardinho;Checkmat;338
Richar;Nogueira;;PSLPB;9094
Richard;Alarcon;Red;;10357
Richard;Martin;Dickie;Carlson Gracie;806
Rickson;Gracie;;;67
Rida;Haisam;;Carpe Diem;9559
Rider;Zuchi;;;11064
Rigan;Machado;;Machado JJ;1817
Rikako;Yuasa;Lady Sasa;Paraestra;5761
Rilion;Gracie;;;1488
Robert;Diggle;Degle;;12254
Robert;Drysdale;;;378
Roberto;Alencar;Tussa;Gracie Barra;926
Roberto;Abreu;Cyborg;Fight Sports;224
Roberto;Atalla;;Rio Grappling Club;535
Roberto;Correa;Gordo;Gordo JJ;553
Roberto;Godoi;;;601
Roberto;Jimenez;;Studio 76;10880
Roberto;Lage;;;2529
Roberto;Magalhaes;Roleta;;550
Roberto;Satoshi;;Bonsai;1824
Roberto;Tozi;;;384
Roberto;Traven;;;1204
Robson;Gracie;;;3394
Robson;Lima;Mau Mau;;11281
Robson;Moura;Robinho;Nova Uniao;195
Rockson;Gracie;;;3226
Rodney;Ellis;;Nova Uniao;1065
Rodolfo;Vieira;Black Belt Hunter;GF Team;247
Rodolphe;Olivier;;Gokudo;2355
Rodrigo;Antunes;;;2048
Rodrigo;Cabral;Brucutu;;1207
Rodrigo;Carvalho;;Gracie Barra;8696
Rodrigo;Cavaca;;Zenith BJJ;543
Rodrigo;Conceicao;Aquiles, Akilis;Alliance;3206
Rodrigo;Caporal;;;631
Rodrigo;Fajardo;Pimpolho;Gracie Barra;1895
Rodrigo;Francioni;;Fight Sports;12376
Rodrigo;Gracie;;;10579
Rodrigo;Lopes;Tatu;;12566
Rodrigo;Medeiros;Comprido;Brasa;559
Rodrigo;Medeiros;;BJJ Revolution;647
Rodrigo;Munduruca;;;9720
Rodrigo;Ranieri;;;1440
Rodrigo;Ribeiro;;G13;8762
Rodrigo;Siqueira;;Alliance;10321
Roiner;Lima;;Gracie Barra;12251
Roger;Coelho;;;1297
Roger;Gracie;;Roger Gracie JJ;505
Rogerio;Poggio;;Infight;1942
Rogerio;Taborda;;;214
Rolando;Samson;;Atos;8261
Rolker;Gracie;;Gracie Humaita;1445
Rolls;Gracie;;;27
Rolles;Gracie;;;70
Romero;Cavalcanti;Jacare;Alliance;355
Romulo;Azevedo;Caju;Welton Ribeiro JJ;7579
Romulo;Barral;;Gracie Barra;320
Ronaldo;Junior;;Atos;10162
Ronaldo;Souza;Jacare;;117
Roosevelt;Sousa;;;11499
Rose;El Sharouni;;Checkmat;13158
Ross;Nicholls;;Roger Gracie Academy;9261
Rousimar;Palhares;Toquinho, Paul Harris;;431
Royce;Gracie;;;743
Royler;Gracie;;Gracie Humaita;515
Ruan;Alvarenga;;Alliance / Pantera Negra;12080
Rubens;Charles;Cobrinha;Alliance;147
Rudson;Mateus;;Atos;8100
Rufino;Gomes;Morcego;Checkmat;781
Rui;Alves Neto;;Dream Art;13099
Ryan;Hall;;50/50;725
Ryan;Beauregard;;;2378
Ryan;Murphy;;Crosley Gracie;1232
Ryo;Ominami;;Gracie Barra;1644
Ryron;Gracie;;Gracie JJ;2252
Sabrina;Gondim;;;13822
Saeed;Dunkaev;;Checkmat;11271
Salvatore;Pace;;Gracie Barra;1710
Sam;McNally;;;12751
Samantha;Cook;;Checkmat;8192
Samir;Chantre;;CTBJJA;1436
Samuel;Braga;;Gracie Barra;1761
Samuel;Nagai;;Checkmat;11510
Samy;Al Jamal;;;1904
Santeri;Lilius;;LiliusBarnatt MMA;11111
Saulo;Ribeiro;;Ribeiro JJ;481
Scott;Kaplan;;;13913
Sean;Roberts;;Sektor BJJ;12617
Seif-Eddine;Houmine;;;9515
Sebastian;Brosche;;Frontline;7695
Sebastian;Rodriguez;;Unity JJ;12215
Sebastian;Serpa;;;12573
Serena;Gabrielli;;Flow JJ;7768
Sergio;Ardila-Ibarra;;American Top Team;7686
Sergio;Benini;;Gracie Barra;7582
Sergio;Calderon;;CFC Team;9697
Sergio;Iris;Serginho de Niteroi;Carlson Gracie;3505
Sergio;Moraes;;Alliance;138
Sergio;Gasparelli;Babu;;1312
Sergio;Penha;;;677
Sergio;Rios;Pichilinga;99 Jiu-Jitsu / Academia Dojô;9637
Sergio;Souza;Bolao;;895
Sergio;Zimmerman;Canuto;Pound for Pound;4268
Servio;Tulio;;Gracie Barra;8528
Shane;Rice;;;1301
Shanti;Abelha;;Checkmat;3186
Shawn;Williams;;;793
Shelby;Murphey;;AOJ;13427
Sheliah;Lindsey;;Magness BJJ;13193
Silvana;Abreu;;;718
Silvio;Duran;;Vitor Shaolin BJJ;9064
Sim;Go;;Cobra Kai;1508
Shay;Montague;;;13453
Shinya;Aoki;;;1319
Stefano;Correa;;AOA;9893
Steffen;Banta;;Alliance;13138
Sylvio;Behring;;;1631
Sofia;Amarante;;Fight Sports;11454
Tacio;Carneiro;;;11471
Tadiyah;Danforth;;Alliance;12644
Tainan;Dalpra;;AOJ;11697
Talia;Marie Vaughn;;Gracie Humaita;9762
Talita;Nogueira;Treta;Ryan Gracie;1430
Tammi;Musumeci;;;3607
Tarik;Hopstock;;Frontline;12654
Tracey;Goodell;;;11975
Tarcisio;Jardim;;Checkmat;1290
Tarsis;Humpreys;;Alliance;477
Thais;Loureiro;;;13220
Thais;Ramos;;;8718
Thalyta;Silva;Thata;Vision;12845
Thalison;Soares;;;10099
Thamara;Ferreira;;;10100
Thamires;Monteiro;Tami;Checkmat;12542
Tamires;Silva;;;13937
Theodoro;Canal;;GF Team;1178
Thiago;Abud;;Unity JJ;11338
Thiago;Barreto;;Commando Group;8819
Thiago;Borges;Monstro;;537
Thiago;Fernandes;;Nova Uniao;2181
Thiago;Leiras;;Brazil 021;1727
Thiago;Macedo;;RPBJJ;8632
Thiago;Rogerio;;Brazil 021;1555
Thibaut;Olivier;;Gokudo;2434
Tiago;Alves;;Barbosa;1055
Tiago;Rocha;;Alliance;7865
Thiago;Sa Fortes;;Checkmat;4145
Thomas;Halpin;Tom;Fight Sports;8866
Thomas;Lisboa;;Alliance;8874
Todd;Margolis;;Potomac MMA;12057
Totila;Jordan;Pitoco;;3458
Tommy;Langaker;;Nova Uniao;8105
Travis;Lutter;;;1994
Travis;Stevens;;;10903
Tye;Ruotolo;;Atos;12003
Uanderson;Ferreira;;;12671
Ulpiano;Malachias;;Gracie Barra;1491
Vagner;Rocha;Ceara;VRMMA;8394
Valdir;Araujo Junior;BB Monster, BB Monstro;;10501
Valmyr;Neto;;;1851
Vanessa;English;;Gracie Barra;9083
Vanessa;Griffin;;Team Lloyd Irvin;11909
Vanessa;Oliveira;;GF Team;2073
Vedha;Toscano;;Team Fabio Clemente;10210
Vicente;Junior;;BJJ Conquest;7732
Victor;Costa;;;1945
Victor;Estima;;Gracie Barra;1617
Victor;Hugo;;Ribeiro JJ;10159
Victor;Genovesi;;Alliance;3110
Victor;Nithael;;Nova Uniao;11754
Vincent;Nguyen;;ONE JJ;8090
Vinicius;Aieta;;Gracie Humaita;730
Vinicius;Coelho;Villem;Gracie Barra;12298
Vinicius;Corrales;;Gracie Humaita;1275
Vinicius;Ferreira;Trator;Alliance;9180
Vinicius;Lessa;;Calasans Camargo;13190
Vinicius;Liberati;;Fratres;13417
Vinicius;Magalhaes;Draculino;Gracie Barra;374
Vinicius;Magalhaes;Vinny, Pesao;;733
Vinicius;Marinho;;GF Team;1600
Vinicius;Martins;Chambourcy;Alliance;13450
Vinicius;Pedrosa;;GF Team;9173
Vinicius;Pereira;;Cassão Team;9956
Victor;Silverio;;GF Team;4235
Vitor;Ribeiro;Shaolin;Nova Uniao;81
Vitor;Henrique;;GF Team;2035
Vitor;Toledo;Gigante;;1986
Vitoria;Vieira;;GF Team;12594
Wagner;Campos;Galeto;;272
Wagnney;Fabiano;;Nova Uniao;2175
Wallace;Costa;;GF Team;11709
Waldemar;Santana;;;25
Waldomiro;Perez;;Cia Paulista;1097
Waldir;Filho;;BTT;11572
Walid;Ismail;;Carlson Gracie;508
Washington;Luis Lima;;;11632
Walter;Mattos;;;1891
Wanki;Chae;;John Frankl Jiu-Jitsu;8842
Welerson;Goncalves;;;13209
Wellington;Dias;Megaton;Gracie Humaita;613
Wendell;Alexander;;Nova Uniao;634
Wilson;Mattos;;;2517
William;Abreu;;Black House;11559
William;Tackett;;Brazilian Fight Factory / Checkmat;11771
Willis;Nunes;Pipoca;Checkmat;11794
Wilson;Moreira Costa;;PSLPB;11293
Xiong;Yuxing;Emma;;8119
Yacinta;Nguyen;;Toronto BJJ;8783
Yago;de Souza;;;5347
Yatan;Bueno;;;12055
Yara;Soares;;;10897
Yigit;Hanay;;;13871
Ygor;Rodrigues;;Equipe Marcio Rodrigues;9121
Youngseung;Cho;;;13389
Yuta;Shimada;;Nexusense;8536
Yuki;Nakai;;Paraestra;996
Yukinori;Sasa;;Paraestra;3348
Yuri;Hendrex;;PSLPB;11212
Yuri;Simoes;Novinho;CTA;1740
Yusuke;Honma;;Paraestra;1122
Yvone;Duarte;;;3569
Zach;Maslany;;;12227
Zach;Kaina;;AOJ;13341
Zak;Maxwell;;Gracie Humaita;1137
Zayed;Alkatheeri;;;12968
Shimon;Mochizuki;;Checkmat;4230
Tim;Spriggs;;Lloyd Irvin;4310
Andre;da Silva;Marola;Nova Uniao;4334
Alain;Pozo;;Carlson Gracie;4381
Jacob;McKee;Budo Jake;Gracie Barra;4420
Jose;Higinio;;;4415
Riccardo;Ammendolia;Baleia;;4437
Patrick;Gaudio;;GF Team;4430
Jaime;Canuto;;GF Team;4460
Andris;Brunovskis;;Atos;4465
Mauro;Ayres;;Nova Geracao;4481
Paulo;Brandão;Coelho;;4485
Michael;Liera Junior;;Atos;4655
Fabio;Monteiro;Binho;Ass. Monteiro;4641
Erberth;Santos;;Almeida JJ;4521
Henry;Akins;;Dynamix MMA;4687
Renato;Miragaia;;;4676
Bruno;Fernandes;;Gracie Barra;4943
Fernando;Gurgel;;Alliance;4912
Fernando;Yamasaki;;Yamasaki JJ;7856
Henry;Akins;;;4687
Luis Carlos;Atalla;Luca;Gracie Barra;4717
Marcelo;Mello;;;4740
Marcelo;Alonso;;Carlson Gracie;4776
Ricardo;Rezende;;Fight Sports;4859
Alexandre;Dantas;Cafe;Gracie Barra;4864
Kim;Terra;;;4851
Sergio;Jardim;Malibu;;4877
Monique;Elias;;Alliance;4838
Roy;Harris;;;4794
Fernando;Gurgel;Magrao;Alliance;4912
Bruno;Fernandes;Molenga;Gracie Barra;4943
Dimitrius;Souza;;Alliance;4960
Rodrigo;Pagani;;Gracie Humaita;4993
Givanildo;Santana;Giva, The Arm Collector;Lotus;5000
Geovanny;Martinez;Geo, Freakazoid;10th Planet;4996
Fabiano;Scherner;Pega Leve;Gracie Barra;5016
Enson;Inoue;Yamato Damashii;Purebred;5020
Joao Pedro;Rodrigues;Somalia;Checkmat;5114
Carlos;Rosado;;Carlson Gracie;5135
Vinicius;Cruz;Vinicinho;Carlson Gracie;5157
Rosangela;Conceicao;Zanza;;5162
Andre;Motta;Andrezinho;Nova Uniao;5206
Carlos;Rollyson;;Carlson Gracie / Alliance;5223
Antonio;Passos;Tony;Atos;5320
Thomas;DeBlass;Tom;;5324
Beneil;Dariush;;;5365
Dean;Liebenberg;Cu Vermelho;Cia Paulista;5391
Venla;Luukkonen;;Hilti BJJ;5410
Guilherme;Augusto;;Alliance;5417
Guilherme;Lambertucci;;Gracie Barra;12084
Osvaldo;Moizinho;Queixinho;;5414
Michael;Musumeci;Mikey;;5447
Herbert;Burns;;;5453
Ibrahim;Inal;;Checkmat;5473
Victor;Honorio;;GF Team;5509
Sebastian;Lalli;;Checkmat;5523
Manuel;Ribamar;Riba;;5636
Jamie;Cruz;;Renzo Gracie Academy;5617
Marcio;Rodrigues;;Equipe Marcio Rodrigues;5609
Alan;Marques;Gumby;Heroes Martial Arts/Ralph Gracie Academy;5592
Emily;Fernandez;;LEAD;13170
Emily;Kwok;;MGinAction/Princeton BJJ;5578
Louis;Vintaloro;;Performance Jiu-Jitsu;5549
Steve;Maxwell;;;5751
Arthur;Sousa;AJ;AJSBJJ/ATT;5747
Isaque;Paiva;Boia;Saikoo JJ;5715
Joaquina;Bomfim;Jiu-quina;Gracie Barra;5634
Wellington;Luis;Alemao;;5756
Thiago;Abreu;Baiano;Checkmat;5909
Thiago;Gaia;;Checkmat;5926
Rodrigo;Freitas;;Freitas JJ;5930
Jared;Dopp;;Lovato Jr. / Ribeiro JJ;5861
Mahamed;Aly;;Team Lloyd Irvin;5842
Jose Tiago;Barros;;PSLPB;5789
Bruno;Paulista;Mamute;;5793
Paulo;Guillobel;;Ribeiro JJ;5785
Everdan;Olegario;Mestre Dan;Alliance;5814
Andre;Glodzinski;;Cia Paulista;5820
Deborah;Maxwell;DC;;5854
Chris;Haueter;;Combat Base;5858
Jorge;Pereira;;;5869
Fabio;Nascimento;Negao;Lotus Clube;5873
Felicia;Oh;;Machado JJ;5883
Daniel;Wanderley;Cachorrao;Carlson Gracie;5900
Wilson;Reis;;G13;5992
Carlson;Gracie Junior;Carlsinho;Carlson Gracie;5998
Paulo;Rezende;Paulao;Zenith BJJ;6006
Vinicius;Amaral;;Game Fight;6002
Adriano;Moraes;;Team Constrictor;6054
Nic;Ruben Nikolaison;;Frontline;6033
Reylson;Gracie;;;6041
Ghazaleh;Parman;Gazzy;;6046
Tomoyuki;Hashimoto;Passport;Carpe Diem;6060
Steve;da Silva;Suga Pop;Nova Uniao;6064
Ataide;Ludgero Junior;;Team Constrictor;6081
Wander;Braga;;;6084
Mansher;Khera;;Alliance;6095
Isaac;Doederlein;;Alliance;6103
Isaak;Michell;;;13518
Karen;Antunes;;Checkmat;6149
Hiago;George;;PSLPB Cicero Costha;6151
Tanner;Rice;;Rice Brothers;6156
Elan;Santiago;;Alliance;6158
Ricco;Rodriguez;Suave;;6167
Luigi;Mondelli;;ATT;6170
Suyan;Queiroz;;;6176
Aldo;Januario;Caveirinha;Caveirinha JJ Family;6186
Djalma;Spindola;;Ribeiro JJ;6196
Carlos;Barreto;Carlao;BTT;6203
Alison;Trembley;;BTT;6227
Sophia;McDermott Drysdale;;;6236
Ailson;Brites;Jucao;Equipe Jucão;6246
Diego;Borges;;Zenith JJ;6253
Rodnei;Barbosa;Roy;Zenith JJ;6258
Paulo;Sergio;;PS Phoenix JJ;6276
Pirillo;Roriz;;Gracie Barra;6284
Alex;Paz;Negao;Emirates Team;6286
Faisal;Al Kitbe;;Emirates Team;6301
Emyr;Bussade;Shark;ATT;6311
Arnaldo;Maidana;;Checkmat;6337
Jason;Gagnon;;Alliance;6328
Evandro;Nunes;;Gracie Jiu Jitsu;6324
Marcel;Golcalves;;Fight Sports;6419
Leonardo;Dalla;Leo;Big Brothers;6403
Chris;Holdsworth;;;6395
Ruan;Oliveira;;Soul Fighters;6375
Brian;Mahecha;;ATT;6366
Pedro;Araujo;Pedrao;Gracie Barra;6359
Jonathan;Satava;;Alliance;6354
Alec;Baulding;;Alliance;6351
Henrique;Gama Filho;;ATT;6348
Pedro;Duarte;;;6342
Yan;Lucas;Pica Pau;Gracie Barra;6432
Pedro;Gama Filho;;;6447
Patricia;Fontes;Pati;Checkmat;6454
Amal;Easton;;Easton Training Centre;6481
Neiman;Gracie;;Renzo Gracie Academy;6483
Darson;Hemmings;;Gracie Humaita;6493
Regis;Lebre;;Gracie Humaita;6507
Egan;Inoue;;;6518
Kristina;Baarlan;;CTBJJA;6525
Bruno;Moreno;Alminha;Kimura / Nova Uniao;6528
James;Boran;;Boran BJJ;6535
Richard;Martinez;Richie;10th Planet;6531
Marcel;Fortuna;;Ralph Gracie JJ;6503
Francisco Pinto;Sa;Sazinho;SAS;6539
Ricardo;Velloso;Kiko;Carlson Gracie Academy;6545
Francisco;Iturralde;Sinistro;Alliance;6563
Dany;Gerard;;Atos;6592
Jhonny;Loureiro;;Alliance;6596
Luciana;Dias;Luka;Gracie Humaita;6618
Luciana;Mota;;Alliance;12788
Deborah;Gracie Stambovsky;;Gracie Sports;6641
Miguel Angel;Alderete;;Nova União;6674
Ryan;Gracie;;;6683
Carlos;Terrinha;;Gracie Barra;6686
Juarez;Soares;;Araruama Jiu Jitsu/DDR;6748
Rodrigo;Silva;Feijao;Nova União;6756
Tayane;Porfirio;;Alliance;6761
Fernanda;Mazzelli;;Strike Academy;6765
Adilson;Lima;Bitta;Academia Pitbull;6768
Jose Carlos;Lima;;GF Team;6801
Max;Gimenis;;GF Team;6805
Fernando;Andrade Reis;;Alliance;6825
Jared;Weiner;;BJJ United / Tac Team / Purebred;6833
Daniel;Alvarez;Danny;Alvarez BJJ / Bruno Bastos Association;6829
Vinicius;Canevari;Magoo;Magoo Jiu Jitsu;6976
Nathiely;de Jesus;;;7000
Jamil;Hill-Taylor;;Team Lloyd Irvin;7002
Stephen;Roberto;;Purebred;7009
Jack;McVicker;;McVicker's BJJ;7075
Ariadne;de Oliveira;;Equipe Mestre Wilson;7077
Carlos;Farias;;Roberto Traven BJJ;7079
Wagner;Mota;;Demian Maia Jiu Jitsu;7103
Talita;Alencar;;Alliance;7106
Muslim;Patsarigov;;RGA Norway;7111
Marcus;Antelante;;Soul Fighters;7114
Luiz;Tosta;Ceara;London Shootfighters;7123
Tiago;Bravo;;;7156
Cassio;Francis;Cassao;Gracie Barra / Cassao;6792
Rodrigo;Pinheiro;;Rodrigo Pinheiro JJ;7201
Tiago;Pereira;;Ribeiro JJ;7171
Breno;Bittencourt;;Ares JJ;7143
Fabricio;Medeiros;Bicudo;;7140
Jan;Buatim;;NS Brotherhood;7256
Enrico;Cocco;;Fight Sports / Zen Jiu Jitsu;7247
Manuel;Diaz;Manny;;7231
Diogo;Almeida;;Almeida JJ;7224
Outi;Jarvilehto;;Brasa;7218
Andre;Ushirobira;;Ushirobira JJ;7282
Paulo;Caruso;;;7289
Mauricio;Pereira;Russo;Laerte Barcelos JJ;7329
Rolando;Delgado;Roli;;7352
Ilke;Bulut;;Icon JJ;7376
Manoel;Neto;;Team Focus;7396
Thamires;Aquino;;GF Team;7473
Kristian;Woodmansee;;Atos;7476
Paul;Ardila-Ibarra;;American Top Team (ATT);7502
Valdir;Canuto;Tio Chico;Zenith JJ;7505
Nakapan;Phungephorn;;BETA Academy;7512
Eliot;Kelly;;Yemaso JJ;7519
Mauricio;Pereira;Mauricao;Behring JJ;7556
Vinicius;Garcia;;;7636
